-- --------------------------------------------------------
-- Host:                         127.0.0.1
-- Versión del servidor:         10.4.28-MariaDB - mariadb.org binary distribution
-- SO del servidor:              Win64
-- HeidiSQL Versión:             12.5.0.6677
-- --------------------------------------------------------

/*!40101 SET @OLD_CHARACTER_SET_CLIENT=@@CHARACTER_SET_CLIENT */;
/*!40101 SET NAMES utf8 */;
/*!50503 SET NAMES utf8mb4 */;
/*!40103 SET @OLD_TIME_ZONE=@@TIME_ZONE */;
/*!40103 SET TIME_ZONE='+00:00' */;
/*!40014 SET @OLD_FOREIGN_KEY_CHECKS=@@FOREIGN_KEY_CHECKS, FOREIGN_KEY_CHECKS=0 */;
/*!40101 SET @OLD_SQL_MODE=@@SQL_MODE, SQL_MODE='NO_AUTO_VALUE_ON_ZERO' */;
/*!40111 SET @OLD_SQL_NOTES=@@SQL_NOTES, SQL_NOTES=0 */;


-- Volcando estructura de base de datos para test
CREATE DATABASE IF NOT EXISTS `test` /*!40100 DEFAULT CHARACTER SET utf8mb4 COLLATE utf8mb4_general_ci */;
USE `test`;

-- Volcando estructura para tabla test.candidates
CREATE TABLE IF NOT EXISTS `candidates` (
  `id` int(11) NOT NULL AUTO_INCREMENT,
  `name` varchar(100) DEFAULT NULL,
  PRIMARY KEY (`id`)
) ENGINE=InnoDB AUTO_INCREMENT=11 DEFAULT CHARSET=latin1 COLLATE=latin1_swedish_ci;

-- Volcando datos para la tabla test.candidates: ~5 rows (aproximadamente)
INSERT IGNORE INTO `candidates` (`id`, `name`) VALUES
	(6, 'George Washington'),
	(7, 'John Adams'),
	(8, 'Thomas Jefferson'),
	(9, 'James Madison'),
	(10, 'James Monroe');

-- Volcando estructura para tabla test.communes
CREATE TABLE IF NOT EXISTS `communes` (
  `id` int(11) NOT NULL AUTO_INCREMENT,
  `name` varchar(100) DEFAULT NULL,
  `region_id` int(11) DEFAULT NULL,
  PRIMARY KEY (`id`),
  KEY `FK_comunas_regiones` (`region_id`),
  CONSTRAINT `FK_comunas_regiones` FOREIGN KEY (`region_id`) REFERENCES `regions` (`id`) ON DELETE NO ACTION ON UPDATE NO ACTION
) ENGINE=InnoDB AUTO_INCREMENT=693 DEFAULT CHARSET=latin1 COLLATE=latin1_swedish_ci;

-- Volcando datos para la tabla test.communes: ~346 rows (aproximadamente)
INSERT IGNORE INTO `communes` (`id`, `name`, `region_id`) VALUES
	(347, 'Arica', 1),
	(348, 'Camarones', 1),
	(349, 'General Lagos', 1),
	(350, 'Putre', 1),
	(351, 'Alto Hospicio', 2),
	(352, 'Iquique', 2),
	(353, 'Camiña', 2),
	(354, 'Colchane', 2),
	(355, 'Huara', 2),
	(356, 'Pica', 2),
	(357, 'Pozo Almonte', 2),
	(358, 'Antofagasta', 3),
	(359, 'Mejillones', 3),
	(360, 'Sierra Gorda', 3),
	(361, 'Taltal', 3),
	(362, 'Calama', 3),
	(363, 'Ollague', 3),
	(364, 'San Pedro de Atacama', 3),
	(365, 'María Elena', 3),
	(366, 'Tocopilla', 3),
	(367, 'Chañaral', 4),
	(368, 'Diego de Almagro', 4),
	(369, 'Caldera', 4),
	(370, 'Copiapó', 4),
	(371, 'Tierra Amarilla', 4),
	(372, 'Alto del Carmen', 4),
	(373, 'Freirina', 4),
	(374, 'Huasco', 4),
	(375, 'Vallenar', 4),
	(376, 'Canela', 5),
	(377, 'Illapel', 5),
	(378, 'Los Vilos', 5),
	(379, 'Salamanca', 5),
	(380, 'Andacollo', 5),
	(381, 'Coquimbo', 5),
	(382, 'La Higuera', 5),
	(383, 'La Serena', 5),
	(384, 'Paihuaco', 5),
	(385, 'Vicuña', 5),
	(386, 'Combarbalá', 5),
	(387, 'Monte Patria', 5),
	(388, 'Ovalle', 5),
	(389, 'Punitaqui', 5),
	(390, 'Río Hurtado', 5),
	(391, 'Isla de Pascua', 6),
	(392, 'Calle Larga', 6),
	(393, 'Los Andes', 6),
	(394, 'Rinconada', 6),
	(395, 'San Esteban', 6),
	(396, 'La Ligua', 6),
	(397, 'Papudo', 6),
	(398, 'Petorca', 6),
	(399, 'Zapallar', 6),
	(400, 'Hijuelas', 6),
	(401, 'La Calera', 6),
	(402, 'La Cruz', 6),
	(403, 'Limache', 6),
	(404, 'Nogales', 6),
	(405, 'Olmué', 6),
	(406, 'Quillota', 6),
	(407, 'Algarrobo', 6),
	(408, 'Cartagena', 6),
	(409, 'El Quisco', 6),
	(410, 'El Tabo', 6),
	(411, 'San Antonio', 6),
	(412, 'Santo Domingo', 6),
	(413, 'Catemu', 6),
	(414, 'Llaillay', 6),
	(415, 'Panquehue', 6),
	(416, 'Putaendo', 6),
	(417, 'San Felipe', 6),
	(418, 'Santa María', 6),
	(419, 'Casablanca', 6),
	(420, 'Concón', 6),
	(421, 'Juan Fernández', 6),
	(422, 'Puchuncaví', 6),
	(423, 'Quilpué', 6),
	(424, 'Quintero', 6),
	(425, 'Valparaíso', 6),
	(426, 'Villa Alemana', 6),
	(427, 'Viña del Mar', 6),
	(428, 'Colina', 7),
	(429, 'Lampa', 7),
	(430, 'Tiltil', 7),
	(431, 'Pirque', 7),
	(432, 'Puente Alto', 7),
	(433, 'San José de Maipo', 7),
	(434, 'Buin', 7),
	(435, 'Calera de Tango', 7),
	(436, 'Paine', 7),
	(437, 'San Bernardo', 7),
	(438, 'Alhué', 7),
	(439, 'Curacaví', 7),
	(440, 'María Pinto', 7),
	(441, 'Melipilla', 7),
	(442, 'San Pedro', 7),
	(443, 'Cerrillos', 7),
	(444, 'Cerro Navia', 7),
	(445, 'Conchalí', 7),
	(446, 'El Bosque', 7),
	(447, 'Estación Central', 7),
	(448, 'Huechuraba', 7),
	(449, 'Independencia', 7),
	(450, 'La Cisterna', 7),
	(451, 'La Granja', 7),
	(452, 'La Florida', 7),
	(453, 'La Pintana', 7),
	(454, 'La Reina', 7),
	(455, 'Las Condes', 7),
	(456, 'Lo Barnechea', 7),
	(457, 'Lo Espejo', 7),
	(458, 'Lo Prado', 7),
	(459, 'Macul', 7),
	(460, 'Maipú', 7),
	(461, 'Ñuñoa', 7),
	(462, 'Pedro Aguirre Cerda', 7),
	(463, 'Peñalolén', 7),
	(464, 'Providencia', 7),
	(465, 'Pudahuel', 7),
	(466, 'Quilicura', 7),
	(467, 'Quinta Normal', 7),
	(468, 'Recoleta', 7),
	(469, 'Renca', 7),
	(470, 'San Miguel', 7),
	(471, 'San Joaquín', 7),
	(472, 'San Ramón', 7),
	(473, 'Santiago', 7),
	(474, 'Vitacura', 7),
	(475, 'El Monte', 7),
	(476, 'Isla de Maipo', 7),
	(477, 'Padre Hurtado', 7),
	(478, 'Peñaflor', 7),
	(479, 'Talagante', 7),
	(480, 'Codegua', 8),
	(481, 'Coínco', 8),
	(482, 'Coltauco', 8),
	(483, 'Doñihue', 8),
	(484, 'Graneros', 8),
	(485, 'Las Cabras', 8),
	(486, 'Machalí', 8),
	(487, 'Malloa', 8),
	(488, 'Mostazal', 8),
	(489, 'Olivar', 8),
	(490, 'Peumo', 8),
	(491, 'Pichidegua', 8),
	(492, 'Quinta de Tilcoco', 8),
	(493, 'Rancagua', 8),
	(494, 'Rengo', 8),
	(495, 'Requínoa', 8),
	(496, 'San Vicente de Tagua Tagua', 8),
	(497, 'La Estrella', 8),
	(498, 'Litueche', 8),
	(499, 'Marchihue', 8),
	(500, 'Navidad', 8),
	(501, 'Peredones', 8),
	(502, 'Pichilemu', 8),
	(503, 'Chépica', 8),
	(504, 'Chimbarongo', 8),
	(505, 'Lolol', 8),
	(506, 'Nancagua', 8),
	(507, 'Palmilla', 8),
	(508, 'Peralillo', 8),
	(509, 'Placilla', 8),
	(510, 'Pumanque', 8),
	(511, 'San Fernando', 8),
	(512, 'Santa Cruz', 8),
	(513, 'Cauquenes', 9),
	(514, 'Chanco', 9),
	(515, 'Pelluhue', 9),
	(516, 'Curicó', 9),
	(517, 'Hualañé', 9),
	(518, 'Licantén', 9),
	(519, 'Molina', 9),
	(520, 'Rauco', 9),
	(521, 'Romeral', 9),
	(522, 'Sagrada Familia', 9),
	(523, 'Teno', 9),
	(524, 'Vichuquén', 9),
	(525, 'Colbún', 9),
	(526, 'Linares', 9),
	(527, 'Longaví', 9),
	(528, 'Parral', 9),
	(529, 'Retiro', 9),
	(530, 'San Javier', 9),
	(531, 'Villa Alegre', 9),
	(532, 'Yerbas Buenas', 9),
	(533, 'Constitución', 9),
	(534, 'Curepto', 9),
	(535, 'Empedrado', 9),
	(536, 'Maule', 9),
	(537, 'Pelarco', 9),
	(538, 'Pencahue', 9),
	(539, 'Río Claro', 9),
	(540, 'San Clemente', 9),
	(541, 'San Rafael', 9),
	(542, 'Talca', 9),
	(543, 'Bulnes', 10),
	(544, 'Chillán', 10),
	(545, 'Chillán Viejo', 10),
	(546, 'Cobquecura', 10),
	(547, 'Coelemu', 10),
	(548, 'Coihueco', 10),
	(549, 'El Carmen', 10),
	(550, 'Ninhue', 10),
	(551, 'Ñiquen', 10),
	(552, 'Pemuco', 10),
	(553, 'Pinto', 10),
	(554, 'Portezuelo', 10),
	(555, 'Quirihue', 10),
	(556, 'Ránquil', 10),
	(557, 'Treguaco', 10),
	(558, 'Quillón', 10),
	(559, 'San Carlos', 10),
	(560, 'San Fabián', 10),
	(561, 'San Ignacio', 10),
	(562, 'San Nicolás', 10),
	(563, 'Yungay', 10),
	(564, 'Arauco', 11),
	(565, 'Cañete', 11),
	(566, 'Contulmo', 11),
	(567, 'Curanilahue', 11),
	(568, 'Lebu', 11),
	(569, 'Los Álamos', 11),
	(570, 'Tirúa', 11),
	(571, 'Alto Biobío', 11),
	(572, 'Antuco', 11),
	(573, 'Cabrero', 11),
	(574, 'Laja', 11),
	(575, 'Los Ángeles', 11),
	(576, 'Mulchén', 11),
	(577, 'Nacimiento', 11),
	(578, 'Negrete', 11),
	(579, 'Quilaco', 11),
	(580, 'Quilleco', 11),
	(581, 'San Rosendo', 11),
	(582, 'Santa Bárbara', 11),
	(583, 'Tucapel', 11),
	(584, 'Yumbel', 11),
	(585, 'Chiguayante', 11),
	(586, 'Concepción', 11),
	(587, 'Coronel', 11),
	(588, 'Florida', 11),
	(589, 'Hualpén', 11),
	(590, 'Hualqui', 11),
	(591, 'Lota', 11),
	(592, 'Penco', 11),
	(593, 'San Pedro de La Paz', 11),
	(594, 'Santa Juana', 11),
	(595, 'Talcahuano', 11),
	(596, 'Tomé', 11),
	(597, 'Carahue', 12),
	(598, 'Cholchol', 12),
	(599, 'Cunco', 12),
	(600, 'Curarrehue', 12),
	(601, 'Freire', 12),
	(602, 'Galvarino', 12),
	(603, 'Gorbea', 12),
	(604, 'Lautaro', 12),
	(605, 'Loncoche', 12),
	(606, 'Melipeuco', 12),
	(607, 'Nueva Imperial', 12),
	(608, 'Padre Las Casas', 12),
	(609, 'Perquenco', 12),
	(610, 'Pitrufquén', 12),
	(611, 'Pucón', 12),
	(612, 'Saavedra', 12),
	(613, 'Temuco', 12),
	(614, 'Teodoro Schmidt', 12),
	(615, 'Toltén', 12),
	(616, 'Vilcún', 12),
	(617, 'Villarrica', 12),
	(618, 'Angol', 12),
	(619, 'Collipulli', 12),
	(620, 'Curacautín', 12),
	(621, 'Ercilla', 12),
	(622, 'Lonquimay', 12),
	(623, 'Los Sauces', 12),
	(624, 'Lumaco', 12),
	(625, 'Purén', 12),
	(626, 'Renaico', 12),
	(627, 'Traiguén', 12),
	(628, 'Victoria', 12),
	(629, 'Corral', 13),
	(630, 'Lanco', 13),
	(631, 'Los Lagos', 13),
	(632, 'Máfil', 13),
	(633, 'Mariquina', 13),
	(634, 'Paillaco', 13),
	(635, 'Panguipulli', 13),
	(636, 'Valdivia', 13),
	(637, 'Futrono', 13),
	(638, 'La Unión', 13),
	(639, 'Lago Ranco', 13),
	(640, 'Río Bueno', 13),
	(641, 'Ancud', 14),
	(642, 'Castro', 14),
	(643, 'Chonchi', 14),
	(644, 'Curaco de Vélez', 14),
	(645, 'Dalcahue', 14),
	(646, 'Puqueldón', 14),
	(647, 'Queilén', 14),
	(648, 'Quemchi', 14),
	(649, 'Quellón', 14),
	(650, 'Quinchao', 14),
	(651, 'Calbuco', 14),
	(652, 'Cochamó', 14),
	(653, 'Fresia', 14),
	(654, 'Frutillar', 14),
	(655, 'Llanquihue', 14),
	(656, 'Los Muermos', 14),
	(657, 'Maullín', 14),
	(658, 'Puerto Montt', 14),
	(659, 'Puerto Varas', 14),
	(660, 'Osorno', 14),
	(661, 'Puero Octay', 14),
	(662, 'Purranque', 14),
	(663, 'Puyehue', 14),
	(664, 'Río Negro', 14),
	(665, 'San Juan de la Costa', 14),
	(666, 'San Pablo', 14),
	(667, 'Chaitén', 14),
	(668, 'Futaleufú', 14),
	(669, 'Hualaihué', 14),
	(670, 'Palena', 14),
	(671, 'Aisén', 15),
	(672, 'Cisnes', 15),
	(673, 'Guaitecas', 15),
	(674, 'Cochrane', 15),
	(675, 'O\'higgins', 15),
	(676, 'Tortel', 15),
	(677, 'Coihaique', 15),
	(678, 'Lago Verde', 15),
	(679, 'Chile Chico', 15),
	(680, 'Río Ibáñez', 15),
	(681, 'Antártica', 16),
	(682, 'Cabo de Hornos', 16),
	(683, 'Laguna Blanca', 16),
	(684, 'Punta Arenas', 16),
	(685, 'Río Verde', 16),
	(686, 'San Gregorio', 16),
	(687, 'Porvenir', 16),
	(688, 'Primavera', 16),
	(689, 'Timaukel', 16),
	(690, 'Natales', 16),
	(691, 'Torres del Paine', 16),
	(692, 'Cabildo', 6);

-- Volcando estructura para tabla test.options
CREATE TABLE IF NOT EXISTS `options` (
  `id` int(11) NOT NULL AUTO_INCREMENT,
  `name` varchar(50) DEFAULT NULL,
  PRIMARY KEY (`id`)
) ENGINE=InnoDB AUTO_INCREMENT=5 DEFAULT CHARSET=latin1 COLLATE=latin1_swedish_ci;

-- Volcando datos para la tabla test.options: ~4 rows (aproximadamente)
INSERT IGNORE INTO `options` (`id`, `name`) VALUES
	(1, 'Web'),
	(2, 'TV'),
	(3, 'Redes Sociales'),
	(4, 'Amigo');

-- Volcando estructura para tabla test.regions
CREATE TABLE IF NOT EXISTS `regions` (
  `id` int(11) NOT NULL AUTO_INCREMENT,
  `name` varchar(100) DEFAULT NULL,
  `order_number` varchar(100) DEFAULT NULL,
  `ordinal_symbol` varchar(100) DEFAULT NULL,
  PRIMARY KEY (`id`)
) ENGINE=InnoDB AUTO_INCREMENT=17 DEFAULT CHARSET=latin1 COLLATE=latin1_swedish_ci;

-- Volcando datos para la tabla test.regions: ~16 rows (aproximadamente)
INSERT IGNORE INTO `regions` (`id`, `name`, `order_number`, `ordinal_symbol`) VALUES
	(1, 'Arica y Parinacota', '1', 'XV'),
	(2, 'Tarapacá', '2', 'I'),
	(3, 'Antofagasta', '3', 'II'),
	(4, 'Atacama', '4', 'III'),
	(5, 'Coquimbo', '5', 'IV'),
	(6, 'Valparaiso', '6', 'V'),
	(7, 'Metropolitana de Santiago', '7', 'RM'),
	(8, 'Libertador General Bernardo O\'Higgins', '8', 'VI'),
	(9, 'Maule', '9', 'VII'),
	(10, 'Ñuble', '10', 'XVI'),
	(11, 'Biobío', '11', 'VIII'),
	(12, 'La Araucanía', '12', 'IX'),
	(13, 'Los Ríos', '13', 'XIV'),
	(14, 'Los Lagos', '14', 'X'),
	(15, 'Aisén del General Carlos Ibáñez del Campo', '15', 'XI'),
	(16, 'Magallanes y de la Antártica Chilena', '16', 'XII');

-- Volcando estructura para tabla test.registers
CREATE TABLE IF NOT EXISTS `registers` (
  `id` int(11) NOT NULL AUTO_INCREMENT,
  `nombre_apellido` varchar(100) DEFAULT NULL,
  `alias` varchar(100) DEFAULT NULL,
  `rut` varchar(100) DEFAULT NULL,
  `dv` varchar(100) DEFAULT NULL,
  `email` varchar(100) DEFAULT NULL,
  `region_id` int(11) DEFAULT 0,
  `comuna_id` int(11) DEFAULT 0,
  `candidato_id` int(11) DEFAULT 0,
  PRIMARY KEY (`id`),
  KEY `FK_registros_regiones` (`region_id`),
  KEY `FK_registros_comunas` (`comuna_id`),
  KEY `FK_registros_candidatos` (`candidato_id`),
  CONSTRAINT `FK_registros_candidatos` FOREIGN KEY (`candidato_id`) REFERENCES `candidates` (`id`) ON DELETE NO ACTION ON UPDATE NO ACTION,
  CONSTRAINT `FK_registros_comunas` FOREIGN KEY (`comuna_id`) REFERENCES `communes` (`id`) ON DELETE NO ACTION ON UPDATE NO ACTION,
  CONSTRAINT `FK_registros_regiones` FOREIGN KEY (`region_id`) REFERENCES `regions` (`id`) ON DELETE NO ACTION ON UPDATE NO ACTION
) ENGINE=InnoDB AUTO_INCREMENT=9 DEFAULT CHARSET=latin1 COLLATE=latin1_swedish_ci;

-- Volcando datos para la tabla test.registers: ~0 rows (aproximadamente)

-- Volcando estructura para tabla test.registro_has_option
CREATE TABLE IF NOT EXISTS `registro_has_option` (
  `id` int(11) NOT NULL AUTO_INCREMENT,
  `registro_id` int(11) DEFAULT 0,
  `opcion_id` int(11) DEFAULT 0,
  PRIMARY KEY (`id`),
  KEY `FK_registro_has_opcion_registros` (`registro_id`),
  KEY `FK_registro_has_opcion_opciones` (`opcion_id`),
  CONSTRAINT `FK_registro_has_opcion_opciones` FOREIGN KEY (`opcion_id`) REFERENCES `options` (`id`) ON DELETE NO ACTION ON UPDATE NO ACTION,
  CONSTRAINT `FK_registro_has_opcion_registros` FOREIGN KEY (`registro_id`) REFERENCES `registers` (`id`) ON DELETE NO ACTION ON UPDATE NO ACTION
) ENGINE=InnoDB AUTO_INCREMENT=9 DEFAULT CHARSET=latin1 COLLATE=latin1_swedish_ci;

-- Volcando datos para la tabla test.registro_has_option: ~0 rows (aproximadamente)

/*!40103 SET TIME_ZONE=IFNULL(@OLD_TIME_ZONE, 'system') */;
/*!40101 SET SQL_MODE=IFNULL(@OLD_SQL_MODE, '') */;
/*!40014 SET FOREIGN_KEY_CHECKS=IFNULL(@OLD_FOREIGN_KEY_CHECKS, 1) */;
/*!40101 SET CHARACTER_SET_CLIENT=@OLD_CHARACTER_SET_CLIENT */;
/*!40111 SET SQL_NOTES=IFNULL(@OLD_SQL_NOTES, 1) */;
